{
	"partitions" : [
		{
			"name" : "Top",
			"pins" : [
				{
					"name" : "end_out",
					"strict" : false
				},
				{
					"name" : "sum[0]",
					"strict" : false
				},
				{
					"name" : "sum[1]",
					"strict" : false
				},
				{
					"name" : "sum[2]",
					"strict" : false
				},
				{
					"name" : "sum[3]",
					"strict" : false
				},
				{
					"name" : "sum[4]",
					"strict" : false
				},
				{
					"name" : "sum[5]",
					"strict" : false
				},
				{
					"name" : "sum[6]",
					"strict" : false
				},
				{
					"name" : "sum[7]",
					"strict" : false
				},
				{
					"name" : "CLK",
					"strict" : false
				},
				{
					"name" : "reset",
					"strict" : false
				}
			]
		}
	]
}